date,o3,no,no2
2014-10-01 00:00:00,NA,NA,NA
2014-10-01 01:00:00,NA,NA,NA
2014-10-01 02:00:00,NA,9,59
2014-10-01 03:00:00,NA,6,57
2014-10-01 04:00:00,NA,7,50
2014-10-01 05:00:00,NA,6,56
2014-10-01 06:00:00,NA,79,59
2014-10-01 07:00:00,NA,10,45
2014-10-01 08:00:00,NA,9,42
2014-10-01 09:00:00,NA,78,72
2014-10-01 10:00:00,NA,86,81
2014-10-01 11:00:00,NA,54,67
2014-10-01 12:00:00,NA,74,71
2014-10-01 13:00:00,NA,53,64
2014-10-01 14:00:00,NA,42,64
2014-10-01 15:00:00,NA,36,68
2014-10-01 16:00:00,NA,4,35
2014-10-01 17:00:00,NA,2,27
2014-10-01 18:00:00,NA,0,17
2014-10-01 19:00:00,NA,1,16
2014-10-01 20:00:00,NA,1,15
2014-10-01 21:00:00,NA,0,14
2014-10-01 22:00:00,NA,0,12
2014-10-01 23:00:00,NA,1,15
2014-10-02 00:00:00,NA,0,9
2014-10-02 01:00:00,NA,NA,NA
2014-10-02 02:00:00,NA,0,3
2014-10-02 03:00:00,NA,0,2
2014-10-02 04:00:00,NA,0,1
2014-10-02 05:00:00,NA,0,1
2014-10-02 06:00:00,NA,2,12
2014-10-02 07:00:00,NA,16,34
2014-10-02 08:00:00,NA,12,44
2014-10-02 09:00:00,NA,9,31
2014-10-02 10:00:00,NA,4,26
2014-10-02 11:00:00,NA,6,26
2014-10-02 12:00:00,NA,7,26
2014-10-02 13:00:00,NA,12,27
2014-10-02 14:00:00,NA,8,28
2014-10-02 15:00:00,NA,6,24
2014-10-02 16:00:00,NA,6,21
2014-10-02 17:00:00,NA,5,21
2014-10-02 18:00:00,NA,5,26
2014-10-02 19:00:00,NA,3,29
2014-10-02 20:00:00,NA,6,28
2014-10-02 21:00:00,NA,2,25
2014-10-02 22:00:00,NA,12,23
2014-10-02 23:00:00,NA,9,21
2014-10-03 00:00:00,NA,7,24
2014-10-03 01:00:00,NA,NA,NA
2014-10-03 02:00:00,NA,3,13
2014-10-03 03:00:00,NA,1,9
2014-10-03 04:00:00,NA,1,7
2014-10-03 05:00:00,NA,4,10
2014-10-03 06:00:00,NA,45,32
2014-10-03 07:00:00,NA,67,42
2014-10-03 08:00:00,NA,35,40
2014-10-03 09:00:00,NA,20,34
2014-10-03 10:00:00,NA,13,28
2014-10-03 11:00:00,NA,16,27
2014-10-03 12:00:00,NA,14,28
2014-10-03 13:00:00,NA,10,22
2014-10-03 14:00:00,NA,5,16
2014-10-03 15:00:00,NA,2,13
2014-10-03 16:00:00,NA,7,19
2014-10-03 17:00:00,NA,9,22
2014-10-03 18:00:00,NA,5,22
2014-10-03 19:00:00,NA,6,24
2014-10-03 20:00:00,NA,4,22
2014-10-03 21:00:00,NA,3,21
2014-10-03 22:00:00,NA,2,17
2014-10-03 23:00:00,NA,1,15
2014-10-04 00:00:00,NA,2,17
2014-10-04 01:00:00,NA,NA,NA
2014-10-04 02:00:00,NA,0,11
2014-10-04 03:00:00,NA,1,9
2014-10-04 04:00:00,NA,2,12
2014-10-04 05:00:00,NA,1,7
2014-10-04 06:00:00,NA,8,18
2014-10-04 07:00:00,NA,6,22
2014-10-04 08:00:00,NA,24,28
2014-10-04 09:00:00,NA,14,20
2014-10-04 10:00:00,NA,12,19
2014-10-04 11:00:00,NA,15,21
2014-10-04 12:00:00,NA,9,15
2014-10-04 13:00:00,NA,11,18
2014-10-04 14:00:00,NA,8,15
2014-10-04 15:00:00,NA,6,16
2014-10-04 16:00:00,NA,13,21
2014-10-04 17:00:00,NA,8,19
2014-10-04 18:00:00,NA,2,14
2014-10-04 19:00:00,NA,2,11
2014-10-04 20:00:00,NA,2,15
2014-10-04 21:00:00,NA,4,18
2014-10-04 22:00:00,NA,9,23
2014-10-04 23:00:00,NA,3,20
2014-10-05 00:00:00,NA,1,19
2014-10-05 01:00:00,NA,NA,NA
2014-10-05 02:00:00,NA,2,10
2014-10-05 03:00:00,NA,1,9
2014-10-05 04:00:00,NA,1,5
2014-10-05 05:00:00,NA,1,7
2014-10-05 06:00:00,NA,11,18
2014-10-05 07:00:00,NA,13,21
2014-10-05 08:00:00,NA,18,23
2014-10-05 09:00:00,NA,17,19
2014-10-05 10:00:00,NA,8,17
2014-10-05 11:00:00,NA,14,19
2014-10-05 12:00:00,NA,12,19
2014-10-05 13:00:00,NA,4,12
2014-10-05 14:00:00,NA,1,10
2014-10-05 15:00:00,NA,2,9
2014-10-05 16:00:00,NA,2,13
2014-10-05 17:00:00,NA,1,13
2014-10-05 18:00:00,NA,1,16
2014-10-05 19:00:00,NA,1,13
2014-10-05 20:00:00,NA,6,21
2014-10-05 21:00:00,NA,8,23
2014-10-05 22:00:00,NA,5,21
2014-10-05 23:00:00,NA,10,22
2014-10-06 00:00:00,NA,8,21
2014-10-06 01:00:00,NA,NA,NA
2014-10-06 02:00:00,NA,2,12
2014-10-06 03:00:00,NA,0,9
2014-10-06 04:00:00,NA,0,6
2014-10-06 05:00:00,NA,1,12
2014-10-06 06:00:00,NA,22,36
2014-10-06 07:00:00,NA,55,43
2014-10-06 08:00:00,NA,69,50
2014-10-06 09:00:00,NA,62,40
2014-10-06 10:00:00,NA,51,40
2014-10-06 11:00:00,NA,53,53
2014-10-06 12:00:00,NA,47,56
2014-10-06 13:00:00,NA,14,41
2014-10-06 14:00:00,NA,24,56
2014-10-06 15:00:00,NA,5,44
2014-10-06 16:00:00,NA,1,38
2014-10-06 17:00:00,NA,2,45
2014-10-06 18:00:00,NA,3,44
2014-10-06 19:00:00,NA,2,40
2014-10-06 20:00:00,NA,3,45
2014-10-06 21:00:00,NA,2,52
2014-10-06 22:00:00,NA,4,56
2014-10-06 23:00:00,NA,11,64
2014-10-07 00:00:00,NA,19,65
2014-10-07 01:00:00,NA,NA,NA
2014-10-07 02:00:00,NA,NA,NA
2014-10-07 03:00:00,NA,NA,NA
2014-10-07 04:00:00,NA,NA,NA
2014-10-07 05:00:00,NA,NA,NA
2014-10-07 06:00:00,NA,NA,NA
2014-10-07 07:00:00,NA,NA,NA
2014-10-07 08:00:00,NA,NA,NA
2014-10-07 09:00:00,NA,NA,NA
2014-10-07 10:00:00,NA,NA,NA
2014-10-07 11:00:00,NA,NA,NA
2014-10-07 12:00:00,NA,NA,NA
2014-10-07 13:00:00,NA,NA,NA
2014-10-07 14:00:00,NA,NA,NA
2014-10-07 15:00:00,NA,NA,NA
2014-10-07 16:00:00,NA,NA,NA
2014-10-07 17:00:00,NA,NA,NA
2014-10-07 18:00:00,NA,NA,NA
2014-10-07 19:00:00,NA,NA,NA
2014-10-07 20:00:00,NA,NA,NA
2014-10-07 21:00:00,NA,NA,NA
2014-10-07 22:00:00,NA,NA,NA
2014-10-07 23:00:00,NA,NA,NA
2014-10-08 00:00:00,NA,NA,NA
2014-10-08 01:00:00,NA,NA,NA
2014-10-08 02:00:00,NA,NA,NA
2014-10-08 03:00:00,NA,NA,NA
2014-10-08 04:00:00,NA,NA,NA
2014-10-08 05:00:00,NA,NA,NA
2014-10-08 06:00:00,NA,NA,NA
2014-10-08 07:00:00,NA,NA,NA
2014-10-08 08:00:00,NA,NA,NA
2014-10-08 09:00:00,NA,NA,NA
2014-10-08 10:00:00,NA,NA,NA
2014-10-08 11:00:00,NA,NA,NA
2014-10-08 12:00:00,NA,NA,NA
2014-10-08 13:00:00,NA,NA,NA
2014-10-08 14:00:00,NA,NA,NA
2014-10-08 15:00:00,NA,1,50
2014-10-08 16:00:00,NA,1,48
2014-10-08 17:00:00,NA,4,54
2014-10-08 18:00:00,NA,1,45
2014-10-08 19:00:00,NA,1,65
2014-10-08 20:00:00,NA,7,70
2014-10-08 21:00:00,NA,27,90
2014-10-08 22:00:00,NA,37,79
2014-10-08 23:00:00,NA,68,83
2014-10-09 00:00:00,NA,72,93
2014-10-09 01:00:00,NA,NA,NA
2014-10-09 02:00:00,NA,8,77
2014-10-09 03:00:00,NA,8,78
2014-10-09 04:00:00,NA,2,54
2014-10-09 05:00:00,NA,2,44
2014-10-09 06:00:00,NA,38,63
2014-10-09 07:00:00,NA,72,71
2014-10-09 08:00:00,NA,76,79
2014-10-09 09:00:00,NA,76,103
2014-10-09 10:00:00,NA,69,97
2014-10-09 11:00:00,NA,50,91
2014-10-09 12:00:00,NA,29,75
2014-10-09 13:00:00,NA,22,66
2014-10-09 14:00:00,NA,36,74
2014-10-09 15:00:00,NA,20,60
2014-10-09 16:00:00,NA,17,67
2014-10-09 17:00:00,NA,13,66
2014-10-09 18:00:00,NA,1,67
2014-10-09 19:00:00,NA,1,69
2014-10-09 20:00:00,NA,3,67
2014-10-09 21:00:00,NA,17,75
2014-10-09 22:00:00,NA,51,86
2014-10-09 23:00:00,NA,69,91
2014-10-10 00:00:00,NA,82,96
2014-10-10 01:00:00,NA,NA,NA
2014-10-10 02:00:00,NA,28,83
2014-10-10 03:00:00,NA,11,68
2014-10-10 04:00:00,NA,5,61
2014-10-10 05:00:00,NA,6,59
2014-10-10 06:00:00,NA,62,66
2014-10-10 07:00:00,NA,100,69
2014-10-10 08:00:00,NA,127,87
2014-10-10 09:00:00,NA,100,101
2014-10-10 10:00:00,NA,72,109
2014-10-10 11:00:00,NA,54,100
2014-10-10 12:00:00,NA,36,71
2014-10-10 13:00:00,NA,38,74
2014-10-10 14:00:00,NA,40,74
2014-10-10 15:00:00,NA,37,73
2014-10-10 16:00:00,NA,18,60
2014-10-10 17:00:00,NA,18,64
2014-10-10 18:00:00,NA,3,53
2014-10-10 19:00:00,NA,0,54
2014-10-10 20:00:00,NA,15,91
2014-10-10 21:00:00,NA,11,108
2014-10-10 22:00:00,NA,55,134
2014-10-10 23:00:00,NA,89,127
2014-10-11 00:00:00,NA,127,120
2014-10-11 01:00:00,NA,NA,NA
2014-10-11 02:00:00,NA,65,111
2014-10-11 03:00:00,NA,49,107
2014-10-11 04:00:00,NA,51,101
2014-10-11 05:00:00,NA,48,97
2014-10-11 06:00:00,NA,102,92
2014-10-11 07:00:00,NA,115,88
2014-10-11 08:00:00,NA,61,94
2014-10-11 09:00:00,NA,53,116
2014-10-11 10:00:00,NA,42,136
2014-10-11 11:00:00,NA,18,73
2014-10-11 12:00:00,NA,12,50
2014-10-11 13:00:00,NA,4,47
2014-10-11 14:00:00,NA,0,31
2014-10-11 15:00:00,NA,0,27
2014-10-11 16:00:00,NA,0,26
2014-10-11 17:00:00,NA,0,31
2014-10-11 18:00:00,NA,0,34
2014-10-11 19:00:00,NA,0,38
2014-10-11 20:00:00,NA,1,45
2014-10-11 21:00:00,NA,15,66
2014-10-11 22:00:00,NA,18,82
2014-10-11 23:00:00,NA,13,90
2014-10-12 00:00:00,NA,16,92
2014-10-12 01:00:00,NA,NA,NA
2014-10-12 02:00:00,NA,8,73
2014-10-12 03:00:00,NA,4,78
2014-10-12 04:00:00,NA,1,46
2014-10-12 05:00:00,NA,0,43
2014-10-12 06:00:00,NA,2,49
2014-10-12 07:00:00,NA,30,59
2014-10-12 08:00:00,NA,18,66
2014-10-12 09:00:00,NA,24,81
2014-10-12 10:00:00,NA,13,59
2014-10-12 11:00:00,NA,9,54
2014-10-12 12:00:00,NA,5,39
2014-10-12 13:00:00,NA,15,52
2014-10-12 14:00:00,NA,11,44
2014-10-12 15:00:00,NA,5,37
2014-10-12 16:00:00,NA,8,47
2014-10-12 17:00:00,NA,8,57
2014-10-12 18:00:00,NA,4,46
2014-10-12 19:00:00,NA,0,49
2014-10-12 20:00:00,NA,0,83
2014-10-12 21:00:00,NA,1,99
2014-10-12 22:00:00,NA,7,106
2014-10-12 23:00:00,NA,15,105
2014-10-13 00:00:00,NA,37,96
2014-10-13 01:00:00,NA,NA,NA
2014-10-13 02:00:00,NA,19,102
2014-10-13 03:00:00,NA,15,101
2014-10-13 04:00:00,NA,4,77
2014-10-13 05:00:00,NA,4,50
2014-10-13 06:00:00,NA,67,89
2014-10-13 07:00:00,NA,80,94
2014-10-13 08:00:00,NA,101,107
2014-10-13 09:00:00,NA,85,127
2014-10-13 10:00:00,NA,45,107
2014-10-13 11:00:00,NA,28,79
2014-10-13 12:00:00,NA,18,64
2014-10-13 13:00:00,NA,20,59
2014-10-13 14:00:00,NA,8,43
2014-10-13 15:00:00,NA,12,72
2014-10-13 16:00:00,NA,2,55
2014-10-13 17:00:00,NA,5,70
2014-10-13 18:00:00,NA,9,118
2014-10-13 19:00:00,NA,1,76
2014-10-13 20:00:00,NA,3,98
2014-10-13 21:00:00,NA,1,71
2014-10-13 22:00:00,NA,0,50
2014-10-13 23:00:00,NA,0,52
2014-10-14 00:00:00,NA,0,62
2014-10-14 01:00:00,NA,NA,NA
2014-10-14 02:00:00,NA,0,18
2014-10-14 03:00:00,NA,0,13
2014-10-14 04:00:00,NA,0,8
2014-10-14 05:00:00,NA,0,8
2014-10-14 06:00:00,NA,1,36
2014-10-14 07:00:00,NA,3,45
2014-10-14 08:00:00,NA,11,54
2014-10-14 09:00:00,NA,27,76
2014-10-14 10:00:00,NA,20,83
2014-10-14 11:00:00,NA,3,30
2014-10-14 12:00:00,NA,10,38
2014-10-14 13:00:00,NA,17,70
2014-10-14 14:00:00,NA,12,99
2014-10-14 15:00:00,NA,9,115
2014-10-14 16:00:00,NA,7,137
2014-10-14 17:00:00,NA,5,116
2014-10-14 18:00:00,NA,7,164
2014-10-14 19:00:00,NA,48,239
2014-10-14 20:00:00,NA,59,166
2014-10-14 21:00:00,NA,20,137
2014-10-14 22:00:00,NA,2,63
2014-10-14 23:00:00,NA,1,41
2014-10-15 00:00:00,NA,0,37
2014-10-15 01:00:00,NA,NA,NA
2014-10-15 02:00:00,NA,0,8
2014-10-15 03:00:00,NA,0,7
2014-10-15 04:00:00,NA,0,7
2014-10-15 05:00:00,NA,0,9
2014-10-15 06:00:00,NA,5,26
2014-10-15 07:00:00,NA,21,52
2014-10-15 08:00:00,NA,24,59
2014-10-15 09:00:00,NA,16,61
2014-10-15 10:00:00,NA,3,49
2014-10-15 11:00:00,NA,5,43
2014-10-15 12:00:00,NA,4,42
2014-10-15 13:00:00,NA,1,31
2014-10-15 14:00:00,NA,2,31
2014-10-15 15:00:00,NA,2,34
2014-10-15 16:00:00,NA,5,41
2014-10-15 17:00:00,NA,2,35
2014-10-15 18:00:00,NA,2,31
2014-10-15 19:00:00,NA,4,28
2014-10-15 20:00:00,NA,4,33
2014-10-15 21:00:00,NA,14,39
2014-10-15 22:00:00,NA,12,35
2014-10-15 23:00:00,NA,17,36
2014-10-16 00:00:00,NA,12,32
2014-10-16 01:00:00,NA,NA,NA
2014-10-16 02:00:00,NA,2,21
2014-10-16 03:00:00,NA,0,15
2014-10-16 04:00:00,NA,0,15
2014-10-16 05:00:00,NA,1,18
2014-10-16 06:00:00,NA,15,33
2014-10-16 07:00:00,NA,33,46
2014-10-16 08:00:00,NA,42,54
2014-10-16 09:00:00,NA,52,65
2014-10-16 10:00:00,NA,NA,NA
2014-10-16 11:00:00,NA,NA,NA
2014-10-16 12:00:00,NA,NA,NA
2014-10-16 13:00:00,NA,5,82
2014-10-16 14:00:00,NA,3,70
2014-10-16 15:00:00,NA,2,81
2014-10-16 16:00:00,NA,5,75
2014-10-16 17:00:00,NA,1,72
2014-10-16 18:00:00,NA,0,72
2014-10-16 19:00:00,NA,0,76
2014-10-16 20:00:00,NA,0,95
2014-10-16 21:00:00,NA,10,120
2014-10-16 22:00:00,NA,7,78
2014-10-16 23:00:00,NA,1,30
2014-10-17 00:00:00,NA,8,33
2014-10-17 01:00:00,NA,NA,NA
2014-10-17 02:00:00,NA,0,30
2014-10-17 03:00:00,NA,0,14
2014-10-17 04:00:00,NA,0,4
2014-10-17 05:00:00,NA,0,5
2014-10-17 06:00:00,NA,4,23
2014-10-17 07:00:00,NA,37,56
2014-10-17 08:00:00,NA,67,73
2014-10-17 09:00:00,NA,78,90
2014-10-17 10:00:00,NA,52,115
2014-10-17 11:00:00,NA,53,146
2014-10-17 12:00:00,NA,16,92
2014-10-17 13:00:00,NA,7,48
2014-10-17 14:00:00,NA,1,32
2014-10-17 15:00:00,NA,0,50
2014-10-17 16:00:00,NA,0,49
2014-10-17 17:00:00,NA,2,66
2014-10-17 18:00:00,NA,1,49
2014-10-17 19:00:00,NA,0,36
2014-10-17 20:00:00,NA,1,18
2014-10-17 21:00:00,NA,0,16
2014-10-17 22:00:00,NA,2,16
2014-10-17 23:00:00,NA,11,31
2014-10-18 00:00:00,NA,13,37
2014-10-18 01:00:00,NA,NA,NA
2014-10-18 02:00:00,NA,9,38
2014-10-18 03:00:00,NA,5,35
2014-10-18 04:00:00,NA,6,40
2014-10-18 05:00:00,NA,1,42
2014-10-18 06:00:00,NA,29,62
2014-10-18 07:00:00,NA,43,68
2014-10-18 08:00:00,NA,72,87
2014-10-18 09:00:00,NA,43,92
2014-10-18 10:00:00,NA,12,76
2014-10-18 11:00:00,NA,0,19
2014-10-18 12:00:00,NA,0,14
2014-10-18 13:00:00,NA,1,20
2014-10-18 14:00:00,NA,5,40
2014-10-18 15:00:00,NA,2,46
2014-10-18 16:00:00,NA,1,32
2014-10-18 17:00:00,NA,0,25
2014-10-18 18:00:00,NA,2,31
2014-10-18 19:00:00,NA,27,63
2014-10-18 20:00:00,NA,34,75
2014-10-18 21:00:00,NA,34,85
2014-10-18 22:00:00,NA,44,85
2014-10-18 23:00:00,NA,34,77
2014-10-19 00:00:00,NA,13,73
2014-10-19 01:00:00,NA,NA,NA
2014-10-19 02:00:00,NA,39,86
2014-10-19 03:00:00,NA,36,81
2014-10-19 04:00:00,NA,10,77
2014-10-19 05:00:00,NA,51,77
2014-10-19 06:00:00,NA,83,75
2014-10-19 07:00:00,NA,141,75
2014-10-19 08:00:00,NA,70,83
2014-10-19 09:00:00,NA,NA,NA
2014-10-19 10:00:00,NA,10,34
2014-10-19 11:00:00,NA,10,36
2014-10-19 12:00:00,NA,5,32
2014-10-19 13:00:00,NA,9,42
2014-10-19 14:00:00,NA,9,46
2014-10-19 15:00:00,NA,15,58
2014-10-19 16:00:00,NA,9,48
2014-10-19 17:00:00,NA,11,56
2014-10-19 18:00:00,NA,6,44
2014-10-19 19:00:00,NA,0,9
2014-10-19 20:00:00,NA,0,9
2014-10-19 21:00:00,NA,0,7
2014-10-19 22:00:00,NA,2,11
2014-10-19 23:00:00,NA,1,13
2014-10-20 00:00:00,NA,6,24
2014-10-20 01:00:00,NA,NA,NA
2014-10-20 02:00:00,NA,1,36
2014-10-20 03:00:00,NA,1,17
2014-10-20 04:00:00,NA,1,9
2014-10-20 05:00:00,NA,1,20
2014-10-20 06:00:00,NA,14,42
2014-10-20 07:00:00,NA,47,62
2014-10-20 08:00:00,NA,47,70
2014-10-20 09:00:00,NA,33,65
2014-10-20 10:00:00,NA,8,56
2014-10-20 11:00:00,NA,4,43
2014-10-20 12:00:00,NA,NA,NA
2014-10-20 13:00:00,NA,NA,NA
2014-10-20 14:00:00,NA,3,28
2014-10-20 15:00:00,NA,2,23
2014-10-20 16:00:00,NA,1,23
2014-10-20 17:00:00,NA,2,27
2014-10-20 18:00:00,NA,3,28
2014-10-20 19:00:00,NA,1,22
2014-10-20 20:00:00,NA,1,23
2014-10-20 21:00:00,NA,1,21
2014-10-20 22:00:00,NA,2,19
2014-10-20 23:00:00,NA,1,20
2014-10-21 00:00:00,NA,0,16
2014-10-21 01:00:00,NA,NA,NA
2014-10-21 02:00:00,NA,0,7
2014-10-21 03:00:00,NA,0,4
2014-10-21 04:00:00,NA,0,3
2014-10-21 05:00:00,NA,0,7
2014-10-21 06:00:00,NA,3,16
2014-10-21 07:00:00,NA,4,23
2014-10-21 08:00:00,NA,3,27
2014-10-21 09:00:00,NA,8,34
2014-10-21 10:00:00,NA,13,33
2014-10-21 11:00:00,NA,16,30
2014-10-21 12:00:00,NA,17,30
2014-10-21 13:00:00,NA,18,28
2014-10-21 14:00:00,NA,10,27
2014-10-21 15:00:00,NA,7,21
2014-10-21 16:00:00,NA,16,27
2014-10-21 17:00:00,NA,8,24
2014-10-21 18:00:00,NA,11,28
2014-10-21 19:00:00,NA,6,23
2014-10-21 20:00:00,NA,7,24
2014-10-21 21:00:00,NA,18,30
2014-10-21 22:00:00,NA,4,21
2014-10-21 23:00:00,NA,10,25
2014-10-22 00:00:00,NA,5,20
2014-10-22 01:00:00,NA,NA,NA
2014-10-22 02:00:00,NA,1,11
2014-10-22 03:00:00,NA,1,15
2014-10-22 04:00:00,NA,1,11
2014-10-22 05:00:00,NA,0,9
2014-10-22 06:00:00,NA,6,18
2014-10-22 07:00:00,NA,32,34
2014-10-22 08:00:00,NA,29,36
2014-10-22 09:00:00,NA,32,36
2014-10-22 10:00:00,NA,37,33
2014-10-22 11:00:00,NA,35,38
2014-10-22 12:00:00,NA,35,35
2014-10-22 13:00:00,NA,22,33
2014-10-22 14:00:00,NA,18,37
2014-10-22 15:00:00,NA,15,31
2014-10-22 16:00:00,NA,12,29
2014-10-22 17:00:00,NA,8,25
2014-10-22 18:00:00,NA,7,24
2014-10-22 19:00:00,NA,4,22
2014-10-22 20:00:00,NA,5,22
2014-10-22 21:00:00,NA,6,22
2014-10-22 22:00:00,NA,11,25
2014-10-22 23:00:00,NA,5,26
2014-10-23 00:00:00,NA,8,26
2014-10-23 01:00:00,NA,NA,NA
2014-10-23 02:00:00,NA,2,12
2014-10-23 03:00:00,NA,2,10
2014-10-23 04:00:00,NA,0,5
2014-10-23 05:00:00,NA,2,10
2014-10-23 06:00:00,NA,20,24
2014-10-23 07:00:00,NA,35,36
2014-10-23 08:00:00,NA,49,39
2014-10-23 09:00:00,NA,52,43
2014-10-23 10:00:00,NA,68,49
2014-10-23 11:00:00,NA,43,53
2014-10-23 12:00:00,NA,40,58
2014-10-23 13:00:00,NA,21,56
2014-10-23 14:00:00,NA,5,58
2014-10-23 15:00:00,NA,8,66
2014-10-23 16:00:00,NA,0,50
2014-10-23 17:00:00,NA,1,45
2014-10-23 18:00:00,NA,3,44
2014-10-23 19:00:00,NA,2,46
2014-10-23 20:00:00,NA,1,44
2014-10-23 21:00:00,NA,2,49
2014-10-23 22:00:00,NA,3,36
2014-10-23 23:00:00,NA,28,57
2014-10-24 00:00:00,NA,19,53
2014-10-24 01:00:00,NA,NA,NA
2014-10-24 02:00:00,NA,9,54
2014-10-24 03:00:00,NA,5,47
2014-10-24 04:00:00,NA,2,36
2014-10-24 05:00:00,NA,5,36
2014-10-24 06:00:00,NA,41,47
2014-10-24 07:00:00,NA,67,52
2014-10-24 08:00:00,NA,96,59
2014-10-24 09:00:00,NA,122,75
2014-10-24 10:00:00,NA,99,93
2014-10-24 11:00:00,NA,65,106
2014-10-24 12:00:00,NA,43,103
2014-10-24 13:00:00,NA,17,71
2014-10-24 14:00:00,NA,40,111
2014-10-24 15:00:00,NA,9,50
2014-10-24 16:00:00,NA,0,58
2014-10-24 17:00:00,NA,1,45
2014-10-24 18:00:00,NA,1,38
2014-10-24 19:00:00,NA,3,37
2014-10-24 20:00:00,NA,6,40
2014-10-24 21:00:00,NA,2,37
2014-10-24 22:00:00,NA,11,49
2014-10-24 23:00:00,NA,6,46
2014-10-25 00:00:00,NA,16,64
2014-10-25 01:00:00,NA,NA,NA
2014-10-25 02:00:00,NA,4,57
2014-10-25 03:00:00,NA,2,63
2014-10-25 04:00:00,NA,1,70
2014-10-25 05:00:00,NA,3,69
2014-10-25 06:00:00,NA,13,69
2014-10-25 07:00:00,NA,16,53
2014-10-25 08:00:00,NA,9,44
2014-10-25 09:00:00,NA,22,44
2014-10-25 10:00:00,NA,20,49
2014-10-25 11:00:00,NA,16,51
2014-10-25 12:00:00,NA,13,57
2014-10-25 13:00:00,NA,11,65
2014-10-25 14:00:00,NA,19,75
2014-10-25 15:00:00,NA,29,67
2014-10-25 16:00:00,NA,38,65
2014-10-25 17:00:00,NA,29,62
2014-10-25 18:00:00,NA,16,50
2014-10-25 19:00:00,NA,8,44
2014-10-25 20:00:00,NA,3,44
2014-10-25 21:00:00,NA,2,37
2014-10-25 22:00:00,NA,11,43
2014-10-25 23:00:00,NA,8,49
2014-10-26 00:00:00,NA,10,54
2014-10-26 01:00:00,NA,NA,NA
2014-10-26 02:00:00,NA,33,64
2014-10-26 03:00:00,NA,20,62
2014-10-26 04:00:00,NA,10,61
2014-10-26 05:00:00,NA,7,60
2014-10-26 06:00:00,NA,23,63
2014-10-26 07:00:00,NA,58,60
2014-10-26 08:00:00,NA,65,60
2014-10-26 09:00:00,NA,30,44
2014-10-26 10:00:00,NA,9,31
2014-10-26 11:00:00,NA,22,44
2014-10-26 12:00:00,NA,13,31
2014-10-26 13:00:00,NA,0,25
2014-10-26 14:00:00,NA,0,24
2014-10-26 15:00:00,NA,1,24
2014-10-26 16:00:00,NA,0,19
2014-10-26 17:00:00,NA,0,15
2014-10-26 18:00:00,NA,0,13
2014-10-26 19:00:00,NA,0,12
2014-10-26 20:00:00,NA,0,10
2014-10-26 21:00:00,NA,0,13
2014-10-26 22:00:00,NA,1,19
2014-10-26 23:00:00,NA,3,21
2014-10-27 00:00:00,NA,1,17
2014-10-27 01:00:00,NA,NA,NA
2014-10-27 02:00:00,NA,3,16
2014-10-27 03:00:00,NA,1,10
2014-10-27 04:00:00,NA,1,14
2014-10-27 05:00:00,NA,1,10
2014-10-27 06:00:00,NA,29,35
2014-10-27 07:00:00,NA,48,41
2014-10-27 08:00:00,NA,37,40
2014-10-27 09:00:00,NA,47,53
2014-10-27 10:00:00,NA,26,58
2014-10-27 11:00:00,NA,7,70
2014-10-27 12:00:00,NA,7,42
2014-10-27 13:00:00,NA,NA,NA
2014-10-27 14:00:00,NA,NA,NA
2014-10-27 15:00:00,NA,NA,NA
2014-10-27 16:00:00,NA,NA,NA
2014-10-27 17:00:00,NA,NA,NA
2014-10-27 18:00:00,NA,NA,NA
2014-10-27 19:00:00,NA,4,27
2014-10-27 20:00:00,NA,1,28
2014-10-27 21:00:00,NA,7,25
2014-10-27 22:00:00,NA,19,33
2014-10-27 23:00:00,NA,16,36
2014-10-28 00:00:00,NA,15,29
2014-10-28 01:00:00,NA,NA,NA
2014-10-28 02:00:00,NA,3,14
2014-10-28 03:00:00,NA,1,10
2014-10-28 04:00:00,NA,1,11
2014-10-28 05:00:00,NA,2,15
2014-10-28 06:00:00,NA,28,34
2014-10-28 07:00:00,NA,34,42
2014-10-28 08:00:00,NA,28,41
2014-10-28 09:00:00,NA,54,56
2014-10-28 10:00:00,NA,35,55
2014-10-28 11:00:00,NA,37,67
2014-10-28 12:00:00,NA,13,53
2014-10-28 13:00:00,NA,7,46
2014-10-28 14:00:00,NA,16,48
2014-10-28 15:00:00,NA,2,27
2014-10-28 16:00:00,NA,1,38
2014-10-28 17:00:00,NA,1,35
2014-10-28 18:00:00,NA,1,29
2014-10-28 19:00:00,NA,6,39
2014-10-28 20:00:00,NA,3,47
2014-10-28 21:00:00,NA,4,36
2014-10-28 22:00:00,NA,14,38
2014-10-28 23:00:00,NA,20,36
2014-10-29 00:00:00,NA,20,29
2014-10-29 01:00:00,NA,NA,NA
2014-10-29 02:00:00,NA,4,26
2014-10-29 03:00:00,NA,3,25
2014-10-29 04:00:00,NA,2,28
2014-10-29 05:00:00,NA,3,32
2014-10-29 06:00:00,NA,28,38
2014-10-29 07:00:00,NA,65,44
2014-10-29 08:00:00,NA,97,52
2014-10-29 09:00:00,NA,99,60
2014-10-29 10:00:00,NA,77,67
2014-10-29 11:00:00,NA,60,76
2014-10-29 12:00:00,NA,35,66
2014-10-29 13:00:00,NA,35,65
2014-10-29 14:00:00,NA,17,55
2014-10-29 15:00:00,NA,21,68
2014-10-29 16:00:00,NA,17,49
2014-10-29 17:00:00,NA,26,63
2014-10-29 18:00:00,NA,7,66
2014-10-29 19:00:00,NA,0,58
2014-10-29 20:00:00,NA,0,75
2014-10-29 21:00:00,NA,1,83
2014-10-29 22:00:00,NA,24,90
2014-10-29 23:00:00,NA,43,86
2014-10-30 00:00:00,NA,66,88
2014-10-30 01:00:00,NA,NA,NA
2014-10-30 02:00:00,NA,23,82
2014-10-30 03:00:00,NA,3,59
2014-10-30 04:00:00,NA,3,56
2014-10-30 05:00:00,NA,2,52
2014-10-30 06:00:00,NA,28,68
2014-10-30 07:00:00,NA,75,72
2014-10-30 08:00:00,NA,96,87
2014-10-30 09:00:00,NA,104,105
2014-10-30 10:00:00,NA,90,120
2014-10-30 11:00:00,NA,27,77
2014-10-30 12:00:00,NA,36,68
2014-10-30 13:00:00,NA,36,63
2014-10-30 14:00:00,NA,30,71
2014-10-30 15:00:00,NA,NA,NA
2014-10-30 16:00:00,NA,NA,NA
2014-10-30 17:00:00,NA,25,78
2014-10-30 18:00:00,NA,1,33
2014-10-30 19:00:00,NA,0,51
2014-10-30 20:00:00,NA,3,78
2014-10-30 21:00:00,NA,10,69
2014-10-30 22:00:00,NA,19,78
2014-10-30 23:00:00,NA,24,88
2014-10-31 00:00:00,NA,35,84
2014-10-31 01:00:00,NA,NA,NA
2014-10-31 02:00:00,NA,5,61
2014-10-31 03:00:00,NA,7,50
2014-10-31 04:00:00,NA,0,49
2014-10-31 05:00:00,NA,1,36
2014-10-31 06:00:00,NA,21,40
2014-10-31 07:00:00,NA,37,51
2014-10-31 08:00:00,NA,29,45
2014-10-31 09:00:00,NA,56,67
2014-10-31 10:00:00,NA,43,57
2014-10-31 11:00:00,NA,28,52
2014-10-31 12:00:00,NA,26,60
2014-10-31 13:00:00,NA,19,61
2014-10-31 14:00:00,NA,10,60
2014-10-31 15:00:00,NA,11,58
2014-10-31 16:00:00,NA,19,76
2014-10-31 17:00:00,NA,9,63
2014-10-31 18:00:00,NA,0,32
2014-10-31 19:00:00,NA,5,47
2014-10-31 20:00:00,NA,15,54
2014-10-31 21:00:00,NA,18,58
2014-10-31 22:00:00,NA,19,56
2014-10-31 23:00:00,NA,23,65
2014-11-01 00:00:00,NA,26,65
